{
 "EXIT_TIMES": [
  "09:05",
  "09:10",
  "09:15",
  "09:30",
  "10:00",
  "11:00",
  "12:30",
  "14:00",
  "14:55",
  "15:30"
 ],
 "SCALE_BANDS": [
  [
   50,
   100
  ],
  [
   100,
   300
  ],
  [
   300,
   1000
  ],
  [
   1000,
   3000
  ]
 ],
 "results": {
  "(0, 2)": {
   "n": 20,
   "n_date": 20,
   "raw_mean": -0.00955964371015694,
   "net_mean": -0.20955964371015695,
   "win_pct": 30.0,
   "avg_win": 0.9855085794692039,
   "avg_loss": -0.4360174536441686,
   "t_clust": -0.05596556925597572,
   "p_val": 1.0,
   "fdr_pass": false
  },
  "(1, 2)": {
   "n": 20,
   "n_date": 20,
   "raw_mean": -0.017039548478581246,
   "net_mean": -0.21703954847858126,
   "win_pct": 50.0,
   "avg_win": 0.6414180176464557,
   "avg_loss": -0.6754971146036182,
   "t_clust": -0.09100729274571971,
   "p_val": 1.0,
   "fdr_pass": false
  },
  "(2, 2)": {
   "n": 20,
   "n_date": 20,
   "raw_mean": -0.12961688705408428,
   "net_mean": -0.3296168870540843,
   "win_pct": 40.0,
   "avg_win": 0.7123676844825372,
   "avg_loss": -0.6909399347451654,
   "t_clust": -0.625842213051804,
   "p_val": 1.0,
   "fdr_pass": false
  },
  "(3, 2)": {
   "n": 20,
   "n_date": 20,
   "raw_mean": -0.2566859609547384,
   "net_mean": -0.4566859609547384,
   "win_pct": 35.0,
   "avg_win": 0.7821475185020617,
   "avg_loss": -0.8160578345083999,
   "t_clust": -1.1216529156226307,
   "p_val": 1.0,
   "fdr_pass": false
  },
  "(4, 2)": {
   "n": 20,
   "n_date": 20,
   "raw_mean": -0.13767378139213246,
   "net_mean": -0.33767378139213244,
   "win_pct": 35.0,
   "avg_win": 1.0115202772225298,
   "avg_loss": -0.7564705821846428,
   "t_clust": -0.5232349096691662,
   "p_val": 1.0,
   "fdr_pass": false
  },
  "(5, 2)": {
   "n": 20,
   "n_date": 20,
   "raw_mean": -0.005599388218345802,
   "net_mean": -0.2055993882183458,
   "win_pct": 45.0,
   "avg_win": 0.9545698789649961,
   "avg_loss": -0.7911924250047164,
   "t_clust": -0.020119873258440776,
   "p_val": 1.0,
   "fdr_pass": false
  },
  "(6, 2)": {
   "n": 20,
   "n_date": 20,
   "raw_mean": 0.030319573470102834,
   "net_mean": -0.16968042652989718,
   "win_pct": 45.0,
   "avg_win": 0.9674247265479755,
   "avg_loss": -0.7364028245027022,
   "t_clust": 0.12606990757015699,
   "p_val": 1.0,
   "fdr_pass": false
  },
  "(7, 2)": {
   "n": 20,
   "n_date": 20,
   "raw_mean": 0.31895392823293844,
   "net_mean": 0.11895392823293843,
   "win_pct": 50.0,
   "avg_win": 1.532080964415865,
   "avg_loss": -0.8941731079499882,
   "t_clust": 0.7602523781470839,
   "p_val": 1.0,
   "fdr_pass": false
  },
  "(8, 2)": {
   "n": 20,
   "n_date": 20,
   "raw_mean": 0.27347997485295705,
   "net_mean": 0.07347997485295704,
   "win_pct": 55.0,
   "avg_win": 1.3735929324436222,
   "avg_loss": -1.0711025288689675,
   "t_clust": 0.6416128793027285,
   "p_val": 1.0,
   "fdr_pass": false
  },
  "(9, 2)": {
   "n": 16,
   "n_date": 16,
   "raw_mean": 0.5097351133095187,
   "net_mean": 0.3097351133095187,
   "win_pct": 62.5,
   "avg_win": 1.4322461051212774,
   "avg_loss": -1.0277832063767458,
   "t_clust": 1.2118192555750602,
   "p_val": 1.0,
   "fdr_pass": false
  }
 }
}