{
 "EXIT_TIMES": [
  "09:05",
  "09:10",
  "09:15",
  "09:30",
  "10:00",
  "11:00",
  "12:30",
  "14:00",
  "14:55",
  "15:00"
 ],
 "SCALE_BANDS": [
  [
   30,
   50
  ],
  [
   50,
   100
  ],
  [
   100,
   300
  ],
  [
   300,
   1000
  ]
 ],
 "results": {
  "(0, 1)": {
   "n": 1,
   "n_date": 1,
   "raw_mean": -1.4285714285714235,
   "net_mean": -1.6285714285714235,
   "win_pct": 0.0,
   "avg_win": 0,
   "avg_loss": -1.4285714285714235,
   "t_clust": 0,
   "p_val": 1.0,
   "fdr_pass": false
  },
  "(0, 2)": {
   "n": 3,
   "n_date": 3,
   "raw_mean": 0.1731200814591253,
   "net_mean": -0.02687991854087471,
   "win_pct": 66.66666666666666,
   "avg_win": 1.5781385400385872,
   "avg_loss": -2.6369168356997985,
   "t_clust": -0.019125860312033564,
   "p_val": 0.98647721107488,
   "fdr_pass": false
  },
  "(0, 3)": {
   "n": 21,
   "n_date": 20,
   "raw_mean": 1.3531777434585752,
   "net_mean": 1.1531777434585753,
   "win_pct": 80.95238095238095,
   "avg_win": 1.9290852056286967,
   "avg_loss": -1.094428970764441,
   "t_clust": 2.9785002143799177,
   "p_val": 0.43581991923547914,
   "fdr_pass": false
  },
  "(1, 1)": {
   "n": 1,
   "n_date": 1,
   "raw_mean": -1.4285714285714235,
   "net_mean": -1.6285714285714235,
   "win_pct": 0.0,
   "avg_win": 0,
   "avg_loss": -1.4285714285714235,
   "t_clust": 0,
   "p_val": 1.0,
   "fdr_pass": false
  },
  "(1, 2)": {
   "n": 3,
   "n_date": 3,
   "raw_mean": 0.5380336372464675,
   "net_mean": 0.33803363724646746,
   "win_pct": 66.66666666666666,
   "avg_win": 1.922669117127307,
   "avg_loss": -2.2312373225152116,
   "t_clust": 0.24075784833491268,
   "p_val": 0.8321731162223638,
   "fdr_pass": false
  },
  "(1, 3)": {
   "n": 21,
   "n_date": 20,
   "raw_mean": 1.3561356372598308,
   "net_mean": 1.1561356372598308,
   "win_pct": 80.95238095238095,
   "avg_win": 1.9272171260467605,
   "avg_loss": -1.0709606900846214,
   "t_clust": 3.034364854751291,
   "p_val": 0.42867069420105075,
   "fdr_pass": false
  },
  "(2, 1)": {
   "n": 1,
   "n_date": 1,
   "raw_mean": -0.4761904761904745,
   "net_mean": -0.6761904761904745,
   "win_pct": 0.0,
   "avg_win": 0,
   "avg_loss": -0.4761904761904745,
   "t_clust": 0,
   "p_val": 1.0,
   "fdr_pass": false
  },
  "(2, 2)": {
   "n": 3,
   "n_date": 3,
   "raw_mean": -0.02108350530044915,
   "net_mean": -0.22108350530044915,
   "win_pct": 66.66666666666666,
   "avg_win": 1.3375430990473003,
   "avg_loss": -2.738336713995948,
   "t_clust": -0.15542596070885792,
   "p_val": 0.8907550328230232,
   "fdr_pass": false
  },
  "(2, 3)": {
   "n": 21,
   "n_date": 20,
   "raw_mean": 1.2344612051649786,
   "net_mean": 1.0344612051649786,
   "win_pct": 80.95238095238095,
   "avg_win": 1.8355319099507996,
   "avg_loss": -1.3200892901747614,
   "t_clust": 2.839626004416778,
   "p_val": 0.45415497313632147,
   "fdr_pass": false
  },
  "(3, 1)": {
   "n": 1,
   "n_date": 1,
   "raw_mean": -1.1111111111111072,
   "net_mean": -1.3111111111111071,
   "win_pct": 0.0,
   "avg_win": 0,
   "avg_loss": -1.1111111111111072,
   "t_clust": 0,
   "p_val": 1.0,
   "fdr_pass": false
  },
  "(3, 2)": {
   "n": 3,
   "n_date": 3,
   "raw_mean": -0.04676774007858301,
   "net_mean": -0.24676774007858301,
   "win_pct": 66.66666666666666,
   "avg_win": 1.8568260775088996,
   "avg_loss": -3.8539553752535483,
   "t_clust": -0.12724994002024104,
   "p_val": 0.9103827560303689,
   "fdr_pass": false
  },
  "(3, 3)": {
   "n": 21,
   "n_date": 20,
   "raw_mean": 1.1373428864472097,
   "net_mean": 0.9373428864472098,
   "win_pct": 76.19047619047619,
   "avg_win": 1.7070273410013381,
   "avg_loss": -0.6856473681260011,
   "t_clust": 2.721066857231631,
   "p_val": 0.47045525091865137,
   "fdr_pass": false
  },
  "(4, 1)": {
   "n": 1,
   "n_date": 1,
   "raw_mean": -1.746031746031751,
   "net_mean": -1.9460317460317509,
   "win_pct": 0.0,
   "avg_win": 0,
   "avg_loss": -1.746031746031751,
   "t_clust": 0,
   "p_val": 1.0,
   "fdr_pass": false
  },
  "(4, 2)": {
   "n": 3,
   "n_date": 3,
   "raw_mean": 0.8285613576275294,
   "net_mean": 0.6285613576275293,
   "win_pct": 66.66666666666666,
   "avg_win": 2.206330880254681,
   "avg_loss": -1.9269776876267741,
   "t_clust": 0.45419722737874524,
   "p_val": 0.694217465206172,
   "fdr_pass": false
  },
  "(4, 3)": {
   "n": 21,
   "n_date": 20,
   "raw_mean": 1.2300786056433435,
   "net_mean": 1.0300786056433435,
   "win_pct": 80.95238095238095,
   "avg_win": 1.7643151505079917,
   "avg_loss": -1.0404267100314113,
   "t_clust": 2.789019491641316,
   "p_val": 0.4610389575645766,
   "fdr_pass": false
  },
  "(5, 1)": {
   "n": 1,
   "n_date": 1,
   "raw_mean": -2.0634920634920673,
   "net_mean": -2.2634920634920674,
   "win_pct": 0.0,
   "avg_win": 0,
   "avg_loss": -2.0634920634920673,
   "t_clust": 0,
   "p_val": 1.0,
   "fdr_pass": false
  },
  "(5, 2)": {
   "n": 3,
   "n_date": 3,
   "raw_mean": 1.2885332313118762,
   "net_mean": 1.0885332313118763,
   "win_pct": 100.0,
   "avg_win": 1.2885332313118762,
   "avg_loss": 0,
   "t_clust": 1.7837354059369908,
   "p_val": 0.21640113671438954,
   "fdr_pass": false
  },
  "(5, 3)": {
   "n": 21,
   "n_date": 20,
   "raw_mean": 1.3703531852450102,
   "net_mean": 1.1703531852450102,
   "win_pct": 80.95238095238095,
   "avg_win": 1.8449447696879637,
   "avg_loss": -0.6466610486375424,
   "t_clust": 2.925339822709051,
   "p_val": 0.4427430107859456,
   "fdr_pass": false
  },
  "(6, 1)": {
   "n": 1,
   "n_date": 1,
   "raw_mean": -0.7936507936507908,
   "net_mean": -0.9936507936507908,
   "win_pct": 0.0,
   "avg_win": 0,
   "avg_loss": -0.7936507936507908,
   "t_clust": 0,
   "p_val": 1.0,
   "fdr_pass": false
  },
  "(6, 2)": {
   "n": 3,
   "n_date": 3,
   "raw_mean": 1.0129844778474932,
   "net_mean": 0.8129844778474933,
   "win_pct": 66.66666666666666,
   "avg_win": 1.9251562299558267,
   "avg_loss": -0.8113590263691739,
   "t_clust": 0.8840305684382265,
   "p_val": 0.46993763967800906,
   "fdr_pass": false
  },
  "(6, 3)": {
   "n": 21,
   "n_date": 20,
   "raw_mean": 1.4094758778600374,
   "net_mean": 1.2094758778600374,
   "win_pct": 80.95238095238095,
   "avg_win": 1.8873404669381948,
   "avg_loss": -0.6214486257221319,
   "t_clust": 3.3581670333732196,
   "p_val": 0.38969936256516724,
   "fdr_pass": false
  },
  "(7, 1)": {
   "n": 1,
   "n_date": 1,
   "raw_mean": -0.7936507936507908,
   "net_mean": -0.9936507936507908,
   "win_pct": 0.0,
   "avg_win": 0,
   "avg_loss": -0.7936507936507908,
   "t_clust": 0,
   "p_val": 1.0,
   "fdr_pass": false
  },
  "(7, 2)": {
   "n": 3,
   "n_date": 3,
   "raw_mean": 1.4625593507776813,
   "net_mean": 1.2625593507776813,
   "win_pct": 100.0,
   "avg_win": 1.4625593507776813,
   "avg_loss": 0,
   "t_clust": 2.15276589063645,
   "p_val": 0.16421235791290822,
   "fdr_pass": false
  },
  "(7, 3)": {
   "n": 21,
   "n_date": 20,
   "raw_mean": 1.7167889267535614,
   "net_mean": 1.5167889267535615,
   "win_pct": 76.19047619047619,
   "avg_win": 2.4184377686349317,
   "avg_loss": -0.5284873672668233,
   "t_clust": 2.7341135891857435,
   "p_val": 0.46863190316950765,
   "fdr_pass": false
  },
  "(8, 1)": {
   "n": 1,
   "n_date": 1,
   "raw_mean": -2.2222222222222254,
   "net_mean": -2.4222222222222256,
   "win_pct": 0.0,
   "avg_win": 0,
   "avg_loss": -2.2222222222222254,
   "t_clust": 0,
   "p_val": 1.0,
   "fdr_pass": false
  },
  "(8, 2)": {
   "n": 3,
   "n_date": 3,
   "raw_mean": 1.3999390875524858,
   "net_mean": 1.1999390875524858,
   "win_pct": 66.66666666666666,
   "avg_win": 2.0999086313287285,
   "avg_loss": 0.0,
   "t_clust": 1.518250434505269,
   "p_val": 0.268267103651462,
   "fdr_pass": false
  },
  "(8, 3)": {
   "n": 21,
   "n_date": 20,
   "raw_mean": 1.6523189344703728,
   "net_mean": 1.4523189344703729,
   "win_pct": 76.19047619047619,
   "avg_win": 2.354335871853247,
   "avg_loss": -0.5941352651548248,
   "t_clust": 2.7693259097234075,
   "p_val": 0.4637474730586104,
   "fdr_pass": false
  },
  "(9, 1)": {
   "n": 1,
   "n_date": 1,